"Category,Description,Days,TotalAmount"
"Alpint,Paket,1,180"
"Alpint,Paket,2,305"
"Alpint,Paket,3,405"
"Alpint,Paket,4,495"
"Alpint,Paket,5,560"
"Alpint,Skidor,1,130"
"Alpint,Skidor,2,230"
"Alpint,Skidor,3,330"
"Alpint,Skidor,4,395"
"Alpint,Skidor,5,445"
"Alpint,Pjäxor,1,115"
"Alpint,Pjäxor,2,195"
"Alpint,Pjäxor,3,255"
"Alpint,Pjäxor,4,315"
"Alpint,Pjäxor,5,375"
"Alpint,Stavar,1,40"
"Alpint,Stavar,2,50"
"Alpint,Stavar,3,60"
"Alpint,Stavar,4,70"
"Alpint,Stavar,5,80"
"Längd,Paket,1,130"
"Längd,Paket,2,230"
"Längd,Paket,3,320"
"Längd,Paket,4,390"
"Längd,Paket,5,440"
"Längd,Skidor,1,100"
"Längd,Skidor,2,170"
"Längd,Skidor,3,220"
"Längd,Skidor,4,270"
"Längd,Skidor,5,320"
"Längd,Pjäxor,1,80"
"Längd,Pjäxor,2,120"
"Längd,Pjäxor,3,150"
"Längd,Pjäxor,4,170"
"Längd,Pjäxor,5,200"
"Längd,Stavar,1,40"
"Längd,Stavar,2,50"
"Längd,Stavar,3,60"
"Längd,Stavar,4,70"
"Längd,Stavar,5,80"
"Snowboard,Paket,1,250"
"Snowboard,Paket,2,415"
"Snowboard,Paket,3,540"
"Snowboard,Paket,4,655"
"Snowboard,Paket,5,760"
"Snowboard,Snowboard,1,190"
"Snowboard,Snowboard,2,335"
"Snowboard,Snowboard,3,455"
"Snowboard,Snowboard,4,555"
"Snowboard,Snowboard,5,625"
"Snowboard,Skor,1,115"
"Snowboard,Skor,2,195"
"Snowboard,Skor,3,275"
"Snowboard,Skor,4,350"
"Snowboard,Skor,5,395"
"Hjälm,Hjälm,1,40"
"Hjälm,Hjälm,2,50"
"Hjälm,Hjälm,3,60"
"Hjälm,Hjälm,4,70"
"Hjälm,Hjälm,5,80"
"Skoter,Lynx 50,1,1000"
"Skoter,Lynx 50,3,2750"
"Skoter,Lynx 50,5,5950"
"Skoter,Yamaha Viking,1,1300"
"Skoter,Yamaha Viking,3,3700"
"Skoter,Yamaha Viking,5,7250"
"Pulka,Nilapulka,1,240"
"Pulka,Nilapulka,3,640"
"Pulka,Nilapulka,5,1280"